{"stats":{"minecraft:mined":{"minecraft:grass":1,"minecraft:birch_log":13},"minecraft:custom":{"minecraft:time_since_rest":11790,"minecraft:crouch_one_cm":1130,"minecraft:play_time":26248,"minecraft:interact_with_furnace":6,"minecraft:sprint_one_cm":40518,"minecraft:damage_taken":855,"minecraft:walk_one_cm":95367,"minecraft:sneak_time":764,"minecraft:mob_kills":33,"minecraft:drop":6,"minecraft:jump":580,"minecraft:damage_dealt":6397,"minecraft:leave_game":5,"minecraft:time_since_death":26248,"minecraft:sleep_in_bed":4,"minecraft:total_world_time":26248,"minecraft:interact_with_crafting_table":1,"minecraft:fall_one_cm":6367,"minecraft:fly_one_cm":62614},"minecraft:picked_up":{"minecraft:arrow":16,"minecraft:bone":10,"minecraft:rotten_flesh":26,"minecraft:porkchop":4,"minecraft:string":3,"minecraft:birch_log":13},"minecraft:crafted":{"minecraft:birch_planks":52,"minecraft:crafting_table":1},"minecraft:used":{"minecraft:netherite_sword":72,"minecraft:pink_bed":1,"minecraft:crafting_table":1,"minecraft:furnace":1,"minecraft:netherite_axe":12,"minecraft:cooked_beef":12,"minecraft:zombie_spawn_egg":8},"minecraft:killed":{"minecraft:spider":1,"minecraft:skeleton":6,"minecraft:zombie":22,"minecraft:pig":2},"minecraft:dropped":{"minecraft:rotten_flesh":4,"minecraft:arrow":6,"minecraft:string":1,"minecraft:bone":4}},"DataVersion":3465}