{"stats":{"minecraft:killed":{"minecraft:skeleton":4,"minecraft:zombie":7,"minecraft:pig":2},"minecraft:custom":{"minecraft:time_since_rest":773,"minecraft:crouch_one_cm":460,"minecraft:sprint_one_cm":20809,"minecraft:interact_with_furnace":4,"minecraft:play_time":15231,"minecraft:walk_one_cm":30841,"minecraft:damage_taken":225,"minecraft:sneak_time":438,"minecraft:mob_kills":14,"minecraft:drop":6,"minecraft:jump":312,"minecraft:damage_dealt":2672,"minecraft:leave_game":4,"minecraft:time_since_death":15231,"minecraft:sleep_in_bed":4,"minecraft:total_world_time":15231,"minecraft:fall_one_cm":3414,"minecraft:fly_one_cm":39769},"minecraft:used":{"minecraft:pink_bed":1,"minecraft:netherite_sword":34,"minecraft:furnace":1,"minecraft:cooked_beef":3},"minecraft:mined":{"minecraft:grass":1},"minecraft:dropped":{"minecraft:rotten_flesh":4,"minecraft:arrow":6,"minecraft:string":1,"minecraft:bone":4},"minecraft:picked_up":{"minecraft:arrow":12,"minecraft:bone":8,"minecraft:rotten_flesh":8,"minecraft:porkchop":4,"minecraft:string":2}},"DataVersion":3465}