{"stats":{"minecraft:mined":{"minecraft:birch_log":33},"minecraft:custom":{"minecraft:time_since_rest":7177,"minecraft:crouch_one_cm":1683,"minecraft:sprint_one_cm":20600,"minecraft:play_time":9939,"minecraft:damage_taken":158,"minecraft:walk_one_cm":26909,"minecraft:damage_blocked_by_shield":115,"minecraft:sneak_time":417,"minecraft:drop":6,"minecraft:jump":164,"minecraft:damage_dealt":203,"minecraft:leave_game":2,"minecraft:time_since_death":9939,"minecraft:sleep_in_bed":2,"minecraft:total_world_time":9939,"minecraft:fall_one_cm":1196,"minecraft:fly_one_cm":50715},"minecraft:picked_up":{"minecraft:birch_log":33,"minecraft:leather_boots":1,"minecraft:rotten_flesh":6,"minecraft:birch_sapling":1,"minecraft:egg":1},"minecraft:used":{"minecraft:oak_log":2,"minecraft:netherite_sword":7,"minecraft:netherite_axe":32,"minecraft:white_bed":2,"minecraft:shield":11,"minecraft:egg":1,"minecraft:cooked_beef":3},"minecraft:dropped":{"minecraft:rotten_flesh":6},"minecraft:broken":{"minecraft:leather_boots":1}},"DataVersion":3465}