{"stats":{"minecraft:broken":{"minecraft:leather_boots":1},"minecraft:custom":{"minecraft:jump":78,"minecraft:leave_game":1,"minecraft:time_since_rest":1685,"minecraft:damage_dealt":28,"minecraft:crouch_one_cm":572,"minecraft:sprint_one_cm":13277,"minecraft:play_time":4447,"minecraft:damage_taken":84,"minecraft:time_since_death":4447,"minecraft:walk_one_cm":10654,"minecraft:sleep_in_bed":2,"minecraft:sneak_time":139,"minecraft:total_world_time":4447,"minecraft:drop":2,"minecraft:fall_one_cm":778,"minecraft:fly_one_cm":13070},"minecraft:used":{"minecraft:white_bed":2,"minecraft:egg":1},"minecraft:dropped":{"minecraft:rotten_flesh":2},"minecraft:picked_up":{"minecraft:leather_boots":1,"minecraft:rotten_flesh":2,"minecraft:egg":1}},"DataVersion":3465}