{
  "minecraft:recipes/food/cake": {
    "criteria": {
      "has_egg": "2024-06-16 02:39:30 +0000"
    },
    "done": true
  },
  "minecraft:recipes/decorations/crafting_table": {
    "criteria": {
      "unlock_right_away": "2024-06-16 02:36:07 +0000"
    },
    "done": true
  },
  "minecraft:adventure/sleep_in_bed": {
    "criteria": {
      "slept_in_bed": "2024-06-16 02:38:09 +0000"
    },
    "done": true
  },
  "minecraft:adventure/adventuring_time": {
    "criteria": {
      "minecraft:taiga": "2024-06-16 02:36:08 +0000",
      "minecraft:old_growth_birch_forest": "2024-06-16 02:36:13 +0000"
    },
    "done": false
  },
  "minecraft:nether/netherite_armor": {
    "criteria": {
      "netherite_armor": "2024-06-16 02:37:09 +0000"
    },
    "done": true
  },
  "DataVersion": 3465
}